{"cameraMode":{"drawMode":0,"name":"Shaded","section":"Shading Mode"},"sceneLighting":false,"audioPlay":false,"sceneViewState":{"showFog":true,"showMaterialUpdate":false,"showSkybox":true,"showFlares":true,"showImageEffects":true,"showParticleSystems":true},"in2DMode":false,"pivot":{"x":-0.1530751883983612,"y":6.403442859649658,"z":0.3724546432495117},"rotation":{"x":-0.025204185396432878,"y":0.014692045748233796,"z":-0.0003692225436680019,"w":-0.9995743036270142},"size":4.288698196411133,"orthographic":false}